{"epoch": 0, "batch_idx": 2430, "batch_rmse": 8644612746903552.0, "_timestamp": 1721355255.6301877, "_runtime": 8541.064234733582, "_step": 243, "_wandb": {"runtime": 8564}}