{"epoch": 0, "batch_idx": 5110, "batch_rmse": 0.7730262279510498, "_timestamp": 1721383056.7489712, "_runtime": 9200.10340332985, "_step": 511}