{"epoch": 0, "batch_idx": 19310, "batch_rmse": 1.0541940319715328e+16, "_timestamp": 1721345045.83082, "_runtime": 3990.014979124069, "_step": 1931, "_wandb": {"runtime": 3990}}