{"epoch": 1, "batch_idx": 100, "batch_rmse": 7110519685120000.0, "_timestamp": 1721371430.7909408, "_runtime": 378.4579677581787, "_step": 10, "_wandb": {"runtime": 398}}