{"epoch": 0, "batch_idx": 4180, "batch_rmse": 7157277920329728.0, "_timestamp": 1721369591.621314, "_runtime": 13804.241137981415, "_step": 418, "_wandb": {"runtime": 13833}}