{"epoch": 0, "batch_idx": 230, "batch_rmse": 4.728689670562744, "_timestamp": 1721373792.4506643, "_runtime": 803.6299002170563, "_step": 23, "_wandb": {"runtime": 803}}