{"epoch": 0, "batch_idx": 920, "batch_rmse": 3055485905272832.0, "_timestamp": 1721345760.411985, "_runtime": 302.6399269104004, "_step": 92, "_wandb": {"runtime": 302}}