{"epoch": 0, "batch_idx": 340, "batch_rmse": 7564498802049024.0, "_timestamp": 1721370793.0867224, "_runtime": 1148.6266634464264, "_step": 34, "_wandb": {"runtime": 1152}}