{"epoch": 0, "batch_idx": 250, "batch_rmse": 7604385089585152.0, "_timestamp": 1721372624.7982903, "_runtime": 885.0342252254486, "_step": 25, "_wandb": {"runtime": 916}}