{"epoch": 2, "RMSE": 43731.28061335186, "_timestamp": 1721300971.6134124, "_runtime": 13668.430988311768, "_step": 1}